[{"title":"spark简单分析天猫年底月销量","date":"2018-02-01T07:21:26.000Z","path":"2018/02/01/1.大数据工具简单分析天猫年底月销量/","categories":[{"name":"spark","slug":"spark","permalink":"https://whbing.github.io/categories/spark/"}]},{"title":"hexo-lovetter主题开发","date":"2017-12-30T07:21:26.000Z","path":"2017/12/30/hexo-lovetter主题开发/","categories":[{"name":"博客主题","slug":"博客主题","permalink":"https://whbing.github.io/categories/博客主题/"}]}]